Brand	ProductName	Traits	HybridFamily	RelativeMaturity	SeedType
Pioneer	P9998AM	AM LL RR2	P9998	99	Corn
Pioneer	P9998AMXT	AMXT LL RR2	P9998	99	Corn
Pioneer	P0075Q	Q LL RR2	P0075	100	Corn
Pioneer	P0157	-	P0157	101	Corn
Pioneer	P0157AM	AM LL RR2	P0157	101	Corn
Pioneer	P0157AMXT	AMXT LL RR2	P0157	101	Corn
Pioneer	P0343AML *	AML LL RR2	P0343	103	Corn
Pioneer	P0339AM	AM LL RR2	P0339	103	Corn
Pioneer	P0339Q	Q LL RR2	P0339	103	Corn
Pioneer	P0446Q *	Q LL RR2	P0446	104	Corn
Pioneer	P0421Q	Q LL RR2	P0421	104	Corn
Pioneer	P0595AM *	AM LL RR2	P0595	105	Corn
Pioneer	P0589	-	P0589	105	Corn
Pioneer	P0589AM	AM LL RR2	P0589	105	Corn
Pioneer	P0589AMXT	AMXT LL RR2	P0589	105	Corn
Pioneer	P0688AM	AM LL RR2	P0688	106	Corn
Pioneer	P0657AM	AM LL RR2	P0657	106	Corn
Pioneer	P0622AML	AML LL RR2	P0622	106	Corn
Pioneer	P0805AM	AM LL RR2	P0805	108	Corn
Pioneer	P0950AM	AM LL RR2	P0950	109	Corn
Pioneer	P0950Q	Q LL RR2	P0950	109	Corn
Pioneer	P0947Q *	Q LL RR2	P0947	109	Corn
Pioneer	P1093	-	P1093	110	Corn
Pioneer	P1093AMXT	AMXT LL RR2	P1093	110	Corn
Pioneer	P1093Q	Q LL RR2	P1093	110	Corn
Pioneer	P1089AM	AM LL RR2	P1089	110	Corn
Pioneer	P1089AMXT	AMXT LL RR2	P1089	110	Corn
Pioneer	P1082AM	AM LL RR2	P1082	110	Corn
Pioneer	P1197	-	P1197	111	Corn
Pioneer	P1197AM	AM LL RR2	P1197	111	Corn
Pioneer	P1197AMXT	AMXT LL RR2	P1197	111	Corn
Pioneer	P1185AM *	AM LL RR2	P1185	111	Corn
Pioneer	P1185Q *	Q LL RR2	P1185	111	Corn
Pioneer	P1151	-	P1151	111	Corn
Pioneer	P1151AM	AM LL RR2	P1151	111	Corn
Pioneer	P1138AM	AM LL RR2	P1138	111	Corn
Pioneer	P1138AML	AML LL RR2	P1138	111	Corn
Pioneer	P1108Q	Q LL RR2	P1108	111	Corn
Pioneer	P1244AM	AM LL RR2	P1244	112	Corn
Pioneer	P1244Q	Q LL RR2	P1244	112	Corn
Pioneer	P1379AM	AM LL RR2	P1379	113	Corn
Pioneer	P1370AM	AM LL RR2	P1370	113	Corn
Pioneer	P1370Q	Q LL RR2	P1370	113	Corn
Pioneer	P1366AM	AM LL RR2	P1366	113	Corn
Pioneer	P1366AML	AML LL RR2	P1366	113	Corn
Pioneer	P1366AMXT	AMXT LL RR2	P1366	113	Corn
Pioneer	P1366Q	Q LL RR2	P1366	113	Corn
Pioneer	P1359AM *	AM LL RR2	P1359	113	Corn
Pioneer	P1353Q	Q LL RR2	P1353	113	Corn
Pioneer	P1345	-	P1345	113	Corn
Pioneer	P1309WAM	AM LL RR2	P1309W	113	Corn
Pioneer	P1306W	-	P1306W	113	Corn
Pioneer	P1306WHR	HX1 LL RR2	P1306W	113	Corn
Pioneer	P1498	-	P1498	114	Corn
Pioneer	P1498AM	AM LL RR2	P1498	114	Corn
Pioneer	P1477W	-	P1477W	114	Corn
Pioneer	P1477WHR	HX1 LL RR2	P1477W	114	Corn
Pioneer	P1477WR	RR2	P1477W	114	Corn
Pioneer	P1415Q	Q LL RR2	P1415	114	Corn
Pioneer	P1572AM	AM LL RR2	P1572	115	Corn
Pioneer	P1563AM	AM LL RR2	P1563	115	Corn
Pioneer	P1563AML	AML LL RR2	P1563	115	Corn
Pioneer	P1548AM *	AM LL RR2	P1548	115	Corn
Pioneer	P1656W	-	P1656W	116	Corn
Pioneer	P1639WAM	AM LL RR2	P1639W	116	Corn
Pioneer	P1639WQ	Q LL RR2	P1639W	116	Corn
Pioneer	32B10	-	32B10	117	Corn
Pioneer	32B16	HX1 LL RR2	32B10	117	Corn
Pioneer	P1870	-	P1870	118	Corn
Pioneer	P1847AMXT	AMXT LL RR2	P1847	118	Corn
Pioneer	P1828AM	AM LL RR2	P1828	118	Corn
Pioneer	P1828Q	Q LL RR2	P1828	118	Corn
Pioneer	P2088AMX	AMX LL RR2	P2088	120	Corn
Pioneer	P2089AML	AML LL RR2	P2088	120	Corn
Pioneer	P2042AML *	AML LL RR2	P2042	120	Corn
Pioneer	P21A20	-	None	2.1	Soybeans
Pioneer	P21A28X	RR2X	None	2.1	Soybeans
Pioneer	P22T18E *	E3	None	2.2	Soybeans
Pioneer	P23A15X	RR2X	None	2.3	Soybeans
Pioneer	P25A04X	RR2X	None	2.5	Soybeans
Pioneer	P25A82L	LL	None	2.5	Soybeans
Pioneer	P25A96L	LL	None	2.5	Soybeans
Pioneer	P26A10 *	-	None	2.6	Soybeans
Pioneer	P26T23E *	E3	None	2.6	Soybeans
Pioneer	P26T57E *	E3	None	2.6	Soybeans
Pioneer	P27A17X	RR2X	None	2.7	Soybeans
Pioneer	P27A30X	RR2X	None	2.7	Soybeans
Pioneer	P27T59R	R	None	2.7	Soybeans
Pioneer	P28A42X	RR2X	None	2.8	Soybeans
Pioneer	P28A74PR	Plenish R	None	2.8	Soybeans
Pioneer	P28A97L *	LL	None	2.8	Soybeans
Pioneer	P28T14E	E3	None	2.8	Soybeans
Pioneer	P29A25X	RR2X	None	2.9	Soybeans
Pioneer	P29A85L	LL	None	2.9	Soybeans
Pioneer	P29T50	-	None	2.9	Soybeans
Pioneer	P30T92E	E3	None	3.0	Soybeans
Pioneer	P30T99E	E3	None	3.0	Soybeans
Pioneer	P31A22X	RR2X	None	3.1	Soybeans
Pioneer	P31A29L	LL	None	3.1	Soybeans
Pioneer	P31A95BX	Bolt RR2X	None	3.1	Soybeans
Pioneer	P31T64E *	E3	None	3.1	Soybeans
Pioneer	P32T26E *	E3	None	3.2	Soybeans
Pioneer	P33A53X	RR2X	None	3.3	Soybeans
Pioneer	P34A50	-	None	3.4	Soybeans
Pioneer	P34T04LS	LL STS	None	3.4	Soybeans
Pioneer	P34T21SE *	STS E3	None	3.4	Soybeans
Pioneer	P35A41	-	None	3.5	Soybeans
Pioneer	P35A55X *	RR2X	None	3.5	Soybeans
Pioneer	P35A70X *	RR2X	None	3.5	Soybeans
Pioneer	P35T01SE *	STS E3	None	3.5	Soybeans
Pioneer	P35T15E *	E3	None	3.5	Soybeans
Pioneer	P36A18X	RR2X	None	3.6	Soybeans
Pioneer	P36A43L *	LL	None	3.6	Soybeans
Pioneer	P37A69X	RR2X	None	3.7	Soybeans
Pioneer	P37T09L	LL	None	3.7	Soybeans
Pioneer	P38A10	-	None	3.8	Soybeans
Pioneer	P38A49L	LL	None	3.8	Soybeans
Pioneer	P38A92X *	RR2X	None	3.8	Soybeans
Pioneer	P38A98X	RR2X	None	3.8	Soybeans
Pioneer	P38T05E *	E3	None	3.8	Soybeans
Pioneer	P39A45X *	RR2X	None	3.9	Soybeans
Pioneer	P39A58X	RR2X	None	3.9	Soybeans
Pioneer	P39T61SE *	STS E3	None	3.9	Soybeans
Pioneer	P40A47X	RR2X	None	4.0	Soybeans
Pioneer	P41T07E	E3	None	4.1	Soybeans
Pioneer	P42A96X	RR2X	None	4.2	Soybeans
Brevant	B00K94AMXT™	AMXT	None	100	Corn
Brevant	B01Z88AM™	AM	None	101	Corn
Brevant	B01Z88Q™	Q	None	101	Corn
Brevant	B02V87™	CONVENTIONAL	None	102	Corn
Brevant	B02V87AM™	AM	None	102	Corn
Brevant	B02V87AMXT™	AMXT	None	102	Corn
Brevant	B02V87R™	R	None	102	Corn
Brevant	B03R87AM™	AM	None	103	Corn
Brevant	B03R87Q™	Q	None	103	Corn
Brevant	B04H94Q™	Q	None	104	Corn
Brevant	B04Z92AM™	AM	None	104	Corn
Brevant	B04Z92AMXT™	AMXT	None	104	Corn
Brevant	B04Z92Q™	Q	None	104	Corn
Brevant	B05M87™	CONVENTIONAL	None	105	Corn
Brevant	B05M87AM™	AM	None	105	Corn
Brevant	B05M87AMXT™	AMXT	None	105	Corn
Brevant	B06F91Q™	Q	None	106	Corn
Brevant	B07H01AM™	AM	None	107	Corn
Brevant	B07H01Q™	Q	None	107	Corn
Brevant	B07W09Q™	Q	None	107	Corn
Brevant	B08C92AML™	AML	None	108	Corn
Brevant	B08J81AM™	AM	None	108	Corn
Brevant	B08J81AMXT™	AMXT	None	108	Corn
Brevant	B08K90Q™	Q	None	108	Corn
Brevant	B08M75ER™	ENL, RR2	None	108	Corn
Brevant	B08M75PW™	PWRA	None	108	Corn
Brevant	B09V75PW™	PWRA	None	109	Corn
Brevant	B09Z08AM™	AM	None	109	Corn
Brevant	B10M97Q™	Q	None	110	Corn
Brevant	B10R89™	CONVENTIONAL	None	110	Corn
Brevant	B10R89AM™	AM	None	110	Corn
Brevant	B10R89Q™	Q	None	110	Corn
Brevant	B10Y90Q™	Q	None	110	Corn
Brevant	B10Z78SX™	SSTX-RA	None	110	Corn
Brevant	B10Z78SXE™	ENL, SSTX	None	110	Corn
Brevant	B11G07AM™	AM	None	111	Corn
Brevant	B11H09AM™	AM	None	111	Corn
Brevant	B11V77SX™	SSTX-RA	None	111	Corn
Brevant	B11W03Q™	Q	None	111	Corn
Brevant	B11Y01Q™	Q	None	111	Corn
Brevant	B12C01AM™	AM	None	112	Corn
Brevant	B12C01Q™	Q	None	112	Corn
Brevant	B12G75PW™	PWRA	None	112	Corn
Brevant	B12G75PWE™	ENL, PW	None	112	Corn
Brevant	B12G75SX™	SSTX-RA	None	112	Corn
Brevant	B12H75PW™	PWRA	None	112	Corn
Brevant	B12J90AM™	AM	None	112	Corn
Brevant	B12J90Q™	Q	None	112	Corn
Brevant	B13C71SX™	SSTX-RA	None	113	Corn
Brevant	B13C78SX™	SSTX-RA	None	113	Corn
Brevant	B13H87™	CONVENTIONAL	None	113	Corn
Brevant	B13H87AM™	AM	None	113	Corn
Brevant	B13H87Q™	Q	None	113	Corn
Brevant	B13K77SX™	SSTX-RA	None	113	Corn
Brevant	B13Y85AM™	AM	None	113	Corn
Brevant	B13Y85Q™	Q	None	113	Corn
Brevant	B14C78SX™	SSTX-RA	None	114	Corn
Brevant	B14F89Q™	Q	None	114	Corn
Brevant	B14H75PW™	PWRA	None	114	Corn
Brevant	B14J04AM™	AM	None	114	Corn
Brevant	B14W91AM™	AM	None	114	Corn
Brevant	B14W91Q™	Q	None	114	Corn
Brevant	B14Z97AM™	AM	None	114	Corn
Brevant	B14Z97AML™	AML	None	114	Corn
Brevant	B14Z97Q™	Q	None	114	Corn
Brevant	B15H98AM™	AM	None	115	Corn
Brevant	B15J76PWE™	ENL, PW	None	115	Corn
Brevant	B15M08AM™	AM	None	115	Corn
Brevant	B16F88AMXT™	AMXT	None	116	Corn
Brevant	B16J93AM™	AM	None	116	Corn
Brevant	B16J93Q™	Q	None	116	Corn
Brevant	B18D78SXE™	ENL, SSTX	None	118	Corn
Brevant	B76N71R™	R	None	76	Corn
Brevant	B81F75PW™	POWERCORE	None	81	Corn
Brevant	B82J92AM™	AM	None	82	Corn
Brevant	B82J92Q™	Q	None	82	Corn
Brevant	B82J92R™	R	None	82	Corn
Brevant	B83K86AM™	AM	None	83	Corn
Brevant	B83M75ER™	ENL, RR2	None	83	Corn
Brevant	B83M75PW™	PWRA	None	83	Corn
Brevant	B83R78SX™	SSTX-RA	None	83	Corn
Brevant	B85R88AM™	AM	None	85	Corn
Brevant	B85R88Q™	Q	None	85	Corn
Brevant	B86K08R™	R	None	86	Corn
Brevant	B86Y02AM™	AM	None	86	Corn
Brevant	B87M71GT™	GT	None	87	Corn
Brevant	B87R93Q™	Q	None	87	Corn
Brevant	B88J78SX™	SSTX-RA	None	88	Corn
Brevant	B90R92AM™	AM	None	90	Corn
Brevant	B90R92Q™	Q	None	90	Corn
Brevant	B91K05AM™	AM	None	91	Corn
Brevant	B91K05Q™	Q	None	91	Corn
Brevant	B92G08AM™	AM	None	92	Corn
Brevant	B92W94AM™	AM	None	92	Corn
Brevant	B93R07AM™	AM	None	93	Corn
Brevant	B93Y02Q™	Q	None	93	Corn
Brevant	B94Z97AM™	AM	None	94	Corn
Brevant	B94Z97Q™	Q	None	94	Corn
Brevant	B95M87AMXT™	AMXT	None	95	Corn
Brevant	B95V86™	CONVENTIONAL	None	95	Corn
Brevant	B95V86AM™	AM	None	95	Corn
Brevant	B95V86R™	R	None	95	Corn
Brevant	B97F86AMXT™	AMXT	None	97	Corn
Brevant	B97G09AM™	AM	None	97	Corn
Brevant	B97G09Q™	Q	None	97	Corn
Brevant	B97V84AM™	AM	None	97	Corn
Brevant	B98R95AM™	AM	None	98	Corn
Brevant	B98R95Q™	Q	None	98	Corn
Brevant	B98W87AMXT™	AMXT	None	98	Corn
Brevant	B99J08AM™	AM	None	99	Corn
Brevant	B99Y79SX™	SSTX-RA	None	99	Corn
Brevant	B000EE™	E3	None	0.0	Soybeans
Brevant	B0090EE™	E3	None	00.9	Soybeans
Brevant	B019EE™	E3	None	0.1	Soybeans
Brevant	B040EE™	E3	None	0.4	Soybeans
Brevant	B049EE™	E3	None	0.4	Soybeans
Brevant	B049RX™	RR2X	None	0.4	Soybeans
Brevant	B079EE™	EL3	None	0.7	Soybeans
Brevant	B089EE™	EL3	None	0.8	Soybeans
Brevant	B090EE™	EL3	None	0.9	Soybeans
Brevant	B100RX™	RR2X	None	1.0	Soybeans
Brevant	B119EE™	EL3	None	1.1	Soybeans
Brevant	B130EE™	EL3	None	1.3	Soybeans
Brevant	B148LL™	LL	None	1.4	Soybeans
Brevant	B149EE™	EL3	None	1.4	Soybeans
Brevant	B159RX™	RR2X	None	1.5	Soybeans
Brevant	B169EE™	EL3	None	1.6	Soybeans
Brevant	B179LL™	LL	None	1.7	Soybeans
Brevant	B209EE™	EL3	None	2.0	Soybeans
Brevant	B210EE™	EL3	None	2.1	Soybeans
Brevant	B218LL™	LL	None	2.1	Soybeans
Brevant	B228RX™	RR2X	None	2.2	Soybeans
Brevant	B240EE™	EL3	None	2.4	Soybeans
Brevant	B249EE™	EL3	None	2.4	Soybeans
Brevant	B259EE™	EL3	None	2.5	Soybeans
Brevant	B260EE™	EL3	None	2.6	Soybeans
Brevant	B269EE™	EL3	None	2.6	Soybeans
Brevant	B279RX™	RR2X	None	2.7	Soybeans
Brevant	B289EE™	EL3	None	2.8	Soybeans
Brevant	B299RX™	RR2X	None	2.9	Soybeans
Brevant	B300EE™	EL3	None	3.0	Soybeans
Brevant	B309EE™	EL3	None	3.0	Soybeans
Brevant	B310EE™	EL3	None	3.1	Soybeans
Brevant	B319EE™	EL3	None	3.1	Soybeans
Brevant	B320EE™	EL3	None	3.2	Soybeans
Brevant	B340EE™	EL3	None	3.4	Soybeans
Brevant	B349RX™	RR2X	None	3.4	Soybeans
Brevant	B350EE™	EL3	None	3.5	Soybeans
Brevant	B359EE™	EL3	None	3.5	Soybeans
Brevant	B360EE™	EL3	None	3.6	Soybeans
Brevant	B380EE™	EL3	None	3.8	Soybeans
Brevant	B389EE™	EL3	None	3.8	Soybeans
Brevant	B390EE™	EL3	None	3.9	Soybeans
Brevant	B399EE™	EL3	None	3.9	Soybeans
Brevant	B399RX™	RR2X	None	3.9	Soybeans
Brevant	B400EE™	EL3	None	4.0	Soybeans
Brevant	B419EE™	EL3	None	4.1	Soybeans
Brevant	B420EE™	EL3	None	4.2	Soybeans
Brevant	B430EE™	EL3	None	4.3	Soybeans
Brevant	B448LL™	LL	None	4.4	Soybeans
Brevant	B459EE™	EL3	None	4.5	Soybeans
Brevant	B460EE™	EL3	None	4.6	Soybeans
Brevant	B470EE™	EL3	None	4.7	Soybeans
Brevant	B499EE™	EL3	None	4.9	Soybeans
Agrigold	A6719	VT2PRO	None	118	Corn
Agrigold	A6711	VT2PRO	None	118	Corn
Agrigold	A648-54	STX	None	118	Corn
Agrigold	A647-90	VT2RIB	None	117	Corn
Agrigold	A647-46	VT2PRO	None	117	Corn
Agrigold	A647-35	DURACADE 5222	None	117	Corn
Agrigold	A647-42	TRCRIB	None	117	Corn
Agrigold	A6652	STXRIB	None	116	Corn
Agrigold	A6659	VT2RIB	None	116	Corn
Agrigold	A646-12	STXRIB	None	116	Corn
Agrigold	A645-10	VT2RIB	None	115	Corn
Agrigold	A645-80	VIPTERA 3110	None	115	Corn
Agrigold	A645-16	STXRIB	None	115	Corn
Agrigold	A6579	STXRIB	None	114	Corn
Agrigold	A6619	VT2RIBD1	None	114	Corn
Agrigold	A6572	STXRIB	None	114	Corn
Agrigold	A6573	VT2RIB	None	114	Corn
Agrigold	A644-32	TRCRIB	None	114	Corn
Agrigold	A644-04	VIPTERA 3110	None	114	Corn
Agrigold	A644-15	WX	None	114	Corn
Agrigold	A644-19	CONV	None	114	Corn
Agrigold	A6538	STXRIB	None	113	Corn
Agrigold	A6542	STXRIB	None	113	Corn
Agrigold	A6559	VT2RIB	None	113	Corn
Agrigold	A6544	STXRIB	None	113	Corn
Agrigold	A6533	VT2RIB	None	113	Corn
Agrigold	A643-87	VIPTERA 3220 E-Z	None	113	Corn
Agrigold	A6517	VT2RIB	None	113	Corn
Agrigold	A643-41	CONV	None	113	Corn
Agrigold	A6499	STXRIB	None	112	Corn
Agrigold	A642-59	STXRIB	None	112	Corn
Agrigold	A6501	RR	None	112	Corn
Agrigold	A642-47	STXRIB	None	112	Corn
Agrigold	A642-99	WX	None	112	Corn
Agrigold	A6488	VT2RIB	None	111	Corn
Agrigold	A6502	CONV	None	111	Corn
Agrigold	A6498	WXVT2PRO	None	111	Corn
Agrigold	A641-78	STXRIB	None	111	Corn
Agrigold	A641-80	WXVT2PRO	None	111	Corn
Agrigold	A6496	STXRIB	None	111	Corn
Agrigold	A641-06	STXRIB	None	111	Corn
Agrigold	A641-54	STXRIB	None	111	Corn
Agrigold	A6472	VT2RIB	None	110	Corn
Agrigold	A6462	STXRIB	None	110	Corn
Agrigold	A640-77	STXRIB	None	110	Corn
Agrigold	A6458	VT2RIB	None	110	Corn
Agrigold	A640-51	WX	None	110	Corn
Agrigold	A6492	STXRIB	None	109	Corn
Agrigold	A6442	VT2RIB	None	109	Corn
Agrigold	A639-40	VT2RIB	None	109	Corn
Agrigold	A639-41	STXRIB	None	109	Corn
Agrigold	A639-70	STXRIB	None	109	Corn
Agrigold	A6424	VIPTERA 3111	None	108	Corn
Agrigold	A6426	WX	None	108	Corn
Agrigold	A638-74	VT2RIB	None	108	Corn
Agrigold	A638-84	VIPTERA 3220 E-Z	None	108	Corn
Agrigold	A638-94	STXRIB	None	108	Corn
Agrigold	A638-44	STXRIB	None	108	Corn
Agrigold	A6413	STXRIB	None	107	Corn
Agrigold	A6416	STXRIB	None	107	Corn
Agrigold	A6408	RR	None	107	Corn
Agrigold	A637-55	DURACADE 5222 E-Z	None	107	Corn
Agrigold	A637-56	VT2RIB	None	107	Corn
Agrigold	A636-56	STXRIB	None	106	Corn
Agrigold	A636-55	VT2RIB	None	106	Corn
Agrigold	A636-16	VT2RIB	None	106	Corn
Agrigold	A636-43	VT2RIB	None	106	Corn
Agrigold	A636-04	WXVT2PRO	None	106	Corn
Agrigold	A636-11	STXRIB	None	106	Corn
Agrigold	A6351	STXRIB	None	105	Corn
Agrigold	A635-54	STXRIB	None	105	Corn
Agrigold	A6346	STXRIB	None	104	Corn
Agrigold	A6326	WX	None	104	Corn
Agrigold	A634-93	CONV	None	104	Corn
Agrigold	A6355	STXRIB	None	103	Corn
Agrigold	A6300	STXRIB	None	103	Corn
Agrigold	A633-94	STXRIB	None	103	Corn
Agrigold	A633-14	VT2RIB	None	103	Corn
Agrigold	A6267	STXRIB	None	102	Corn
Agrigold	A632-07	STXRIB	None	102	Corn
Agrigold	A632-35	DURACADE 5222 E-Z	None	102	Corn
Agrigold	A6283	VT2RIB	None	101	Corn
Agrigold	A631-38	VT2RIB	None	101	Corn
Agrigold	A631-90	CONV	None	101	Corn
Agrigold	A6257	STXRIB	None	100	Corn
Agrigold	A630-31	VT2RIBD1	None	100	Corn
Agrigold	A630-10	STXRIB	None	100	Corn
Agrigold	A629-22	STXRIB	None	99	Corn
Agrigold	A629-12	VT2RIB	None	99	Corn
Agrigold	A629-93	CONV	None	99	Corn
Agrigold	A6237	STXRIB	None	98	Corn
Agrigold	A628-20	VT2RIB	None	98	Corn
Agrigold	A628-16	VT2RIB	None	98	Corn
Agrigold	A6217	STXRIB	None	97	Corn
Agrigold	A627-83	VT2RIB	None	97	Corn
Agrigold	A6202	CONV	None	96	Corn
Agrigold	A626-08	STXRIB	None	96	Corn
Agrigold	A6199	VT2RIB	None	95	Corn
Agrigold	A625-78	STXRIB	None	95	Corn
Agrigold	A624-11	VIPTERA 3220A E-Z	None	94	Corn
Agrigold	A624-06	VT2RIB	None	94	Corn
Agrigold	A622-65	CONV	None	92	Corn
Agrigold	A621-77	STXRIB	None	91	Corn
Agrigold	A619-75	AGRISURE 3120 E-Z	None	89	Corn
Agrigold	A618-90	VT2RIB	None	88	Corn
Agrigold	A617-78	VT2RIB	None	87	Corn
Agrigold	A615-06	CONV	None	85	Corn
Agrigold	A615-64	VT2RIB	None	85	Corn
Agrigold	A615-75	RR	None	85	Corn
Agrigold	A614-54	VT2RIB	None	84	Corn
Agrigold	A610-41	CONV	None	80	Corn
Agrigold	G5288RX	RR2X	None	5.2	Soybeans
Agrigold	G5000RX	RR2X, STS	None	5.0	Soybeans
Agrigold	G4995RX	RR2X	None	4.9	Soybeans
Agrigold	G4815RX	RR2X, STS	None	4.8	Soybeans
Agrigold	G4820RX	RR2X	None	4.8	Soybeans
Agrigold	G4813XF	XTENDFLEX, STS	None	4.8	Soybeans
Agrigold	G4605RX	RR2X	None	4.6	Soybeans
Agrigold	G4620RX	RR2X, STS	None	4.6	Soybeans
Agrigold	G4615XF	XTENDFLEX, STS	None	4.6	Soybeans
Agrigold	G4579RX	RR2X, STS	None	4.5	Soybeans
Agrigold	G4440RX	RR2X, STS	None	4.4	Soybeans
Agrigold	G4318RX	RR2X, STS	None	4.3	Soybeans
Agrigold	G4255RX	RR2X, STS	None	4.2	Soybeans
Agrigold	G4212XF	XTENDFLEX, STS	None	4.2	Soybeans
Agrigold	G4190RX	RR2X, STS	None	4.1	Soybeans
Agrigold	G3945XF	XTENDFLEX	None	3.9	Soybeans
Agrigold	G3830RX	RR2X	None	3.8	Soybeans
Agrigold	G3850RX	RR2X	None	3.8	Soybeans
Agrigold	G3722RX	RR2X, STS	None	3.7	Soybeans
Agrigold	G3710XF	XTENDFLEX	None	3.7	Soybeans
Agrigold	G3620RX	RR2X, STS	None	3.6	Soybeans
Agrigold	G3630XF	XTENDFLEX	None	3.6	Soybeans
Agrigold	G3520RX	RR2X	None	3.5	Soybeans
Agrigold	G3490XF	XTENDFLEX	None	3.4	Soybeans
Agrigold	G3324RX	RR2X	None	3.3	Soybeans
Agrigold	G3285RX	RR2X	None	3.2	Soybeans
Agrigold	G3150RX	RR2X	None	3.1	Soybeans
Agrigold	G3102XF	XTENDFLEX	None	3.1	Soybeans
Agrigold	G3000RX	RR2X	None	3.0	Soybeans
Agrigold	G2900RX	RR2X	None	2.9	Soybeans
Agrigold	G2905XF	XTENDFLEX	None	2.9	Soybeans
Agrigold	G2624RX	RR2X	None	2.6	Soybeans
Agrigold	G2505RX	RR2X	None	2.5	Soybeans
Agrigold	G2526XF	XTENDFLEX	None	2.5	Soybeans
Agrigold	G2405RX	RR2X	None	2.4	Soybeans
Agrigold	G2330RX	RR2X	None	2.3	Soybeans
Agrigold	G2315XF	XTENDFLEX, STS	None	2.3	Soybeans
Agrigold	G2220XF	XTENDFLEX	None	2.2	Soybeans
Agrigold	G2105RX	RR2X	None	2.1	Soybeans
Agrigold	G2009RX	RR2X	None	2.0	Soybeans
Agrigold	G2095XF	XTENDFLEX	None	2.0	Soybeans
Agrigold	G1990RX	RR2X	None	1.9	Soybeans
Agrigold	G1850RX	RR2X	None	1.8	Soybeans
Agrigold	G1710RX	RR2X	None	1.7	Soybeans
Agrigold	G1502RX	RR2X	None	1.5	Soybeans
Agrigold	G1512XF	XTENDFLEX	None	1.5	Soybeans
Agrigold	G1301RX	RR2X	None	1.3	Soybeans
Agrigold	G1305XF	XTENDFLEX	None	1.3	Soybeans
Agrigold	G1085RX	RR2X	None	1.0	Soybeans
Agrigold	G0806XF	XTENDFLEX	None	0.8	Soybeans
Agrigold	G0652RX	RR2X	None	0.6	Soybeans
Agrigold	G0520RX	RR2X	None	0.5	Soybeans
Agventure	RL1742HB™*	Herculex® I	None	79	Corn
Agventure	G1912™	Agrisure® GT	None	80	Corn
Agventure	2038™	Conventional	None	81	Corn
Agventure	AV2282AM™*	Optimum® AcreMax®	None	82	Corn
Agventure	AV5382AM™*	Optimum® AcreMax®	None	82	Corn
Agventure	RL2289HB™*	Herculex® I	None	82	Corn
Agventure	RL2774HB™*	Herculex® I	None	84	Corn
Agventure	AV2985ABW™	Agrisure® 3000GT	None	86	Corn
Agventure	AV2985G™	Agrisure® GT	None	86	Corn
Agventure	AV2985™	Conventional	None	86	Corn
Agventure	AV2787AM™*	Optimum® AcreMax®	None	87	Corn
Agventure	AV1889™	Conventional	None	89	Corn
Agventure	AV4291AB™	Agrisure® GT/CB/LL	None	91	Corn
Agventure	AV4291V10™	Agrisure Viptera® 3110	None	91	Corn
Agventure	4342™	Conventional	None	92	Corn
Agventure	R4492™*	Roundup Ready® Corn 2	None	93	Corn
Agventure	RL4492AMX™*	Optimum® AcreMax® Xtra	None	93	Corn
Agventure	AV4994AMXT™	Optimum® AcreMax® XTreme	None	94	Corn
Agventure	AV4994AM™*	Optimum® AcreMax®	None	94	Corn
Agventure	AV2695AM™*	Optimum® AcreMax®	None	95	Corn
Agventure	R5015™*	Roundup Ready® Corn 2	None	95	Corn
Agventure	RL5015AMX™*	Optimum® AcreMax® Xtra	None	95	Corn
Agventure	RL5015AM™*	Optimum® AcreMax®	None	95	Corn
Agventure	AV4896AM™*	Optimum® AcreMax®	None	96	Corn
Agventure	AV5096AMXT™	Optimum® AcreMax® XTreme	None	96	Corn
Agventure	AV5096AM™*	Optimum® AcreMax®	None	96	Corn
Agventure	R5039™*	Roundup Ready® Corn 2	None	96	Corn
Agventure	AV5597AM™*	Optimum® AcreMax®	None	97	Corn
Agventure	AV3598AM™*	Optimum® AcreMax®	None	98	Corn
Agventure	5359™	Conventional	None	99	Corn
Agventure	5604™	Conventional	None	99	Corn
Agventure	5718™*	Conventional	None	99	Corn
Agventure	AV5799AMXT™	Optimum® AcreMax® XTreme	None	99	Corn
Agventure	AV5799AM™*	Optimum® AcreMax®	None	99	Corn
Agventure	AV5799R™*	Roundup Ready® Corn 2	None	99	Corn
Agventure	AV5799™*	Conventional	None	99	Corn
Agventure	G5359™	Agrisure® GT	None	99	Corn
Agventure	GL5359V11™	Agrisure Viptera® 3111	None	99	Corn
Agventure	R5718™*	Roundup Ready® Corn 2	None	99	Corn
Agventure	RL5671AMX™*	Optimum® AcreMax® Xtra	None	99	Corn
Agventure	RL5671AM™*	Optimum® AcreMax®	None	99	Corn
Agventure	AV3800AMXT™	Optimum® AcreMax® XTreme	None	100	Corn
Agventure	6134™*	Conventional	None	101	Corn
Agventure	AV6002AMXT™	Optimum® AcreMax® XTreme	None	101	Corn
Agventure	AV6002AM™*	Optimum® AcreMax®	None	101	Corn
Agventure	G6078™	Agrisure® GT	None	101	Corn
Agventure	GL6078ABW™	Agrisure® 3000GT	None	101	Corn
Agventure	RL6134AM™*	Optimum® AcreMax®	None	101	Corn
Agventure	6283™*	Conventional	None	102	Corn
Agventure	AV6202AMXT™	Optimum® AcreMax® XTreme	None	102	Corn
Agventure	AV6202AM™*	Optimum® AcreMax®	None	102	Corn
Agventure	AV6302AM™*	Optimum® AcreMax®	None	102	Corn
Agventure	AV6302™*	Conventional	None	102	Corn
Agventure	R6283™*	Roundup Ready® Corn 2	None	102	Corn
Agventure	RL6283HBAW™	Optimum® TRIsect®	None	102	Corn
Agventure	AV2404AM™*	Optimum® AcreMax®	None	104	Corn
Agventure	AV4104AM™*	Optimum® AcreMax®	None	104	Corn
Agventure	AV4104Q™	Qrome®	None	104	Corn
Agventure	AV4104YHB™*	Optimum® Intrasect®	None	104	Corn
Agventure	AV6404AMXT™	Optimum® AcreMax® XTreme	None	104	Corn
Agventure	AV6404AM™*	Optimum® AcreMax®	None	104	Corn
Agventure	AV6404YHB™*	Optimum® Intrasect®	None	104	Corn
Agventure	AV8804Q™	Qrome®	None	104	Corn
Agventure	GL6712V11™	Agrisure Viptera® 3111	None	104	Corn
Agventure	R6786™*	Roundup Ready® Corn 2	None	104	Corn
Agventure	RL6786HB™*	Herculex® I	None	104	Corn
Agventure	AV6705AMXT™	Optimum® AcreMax® XTreme	None	105	Corn
Agventure	AV6705AM™*	Optimum® AcreMax®	None	105	Corn
Agventure	AV6705R™*	Roundup Ready® Corn 2	None	105	Corn
Agventure	AV6705YHB™*	Optimum® Intrasect®	None	105	Corn
Agventure	AV6705™*	Conventional	None	105	Corn
Agventure	AV6805AMX™*	Optimum® AcreMax® Xtra	None	105	Corn
Agventure	AV6805AM™*	Optimum® AcreMax®	None	105	Corn
Agventure	AV6805YHB™*	Optimum® Intrasect®	None	105	Corn
Agventure	7087™*	Conventional	None	106	Corn
Agventure	AV3206AM™*	Optimum® AcreMax®	None	106	Corn
Agventure	AV3206Q™	Qrome®	None	106	Corn
Agventure	AV3206YHB™*	Optimum® Intrasect®	None	106	Corn
Agventure	RL7087HBW™*	Herculex® XTRA	None	106	Corn
Agventure	RL7087HB™*	Herculex® I	None	106	Corn
Agventure	AV7007AMXT™	Optimum® AcreMax® XTreme	None	107	Corn
Agventure	AV7307AMXT™	Optimum® AcreMax® XTreme	None	107	Corn
Agventure	AV7307AM™*	Optimum® AcreMax®	None	107	Corn
Agventure	AV7307YHB™*	Optimum® Intrasect®	None	107	Corn
Agventure	AV7307™*	Conventional	None	107	Corn
Agventure	G7254™	Agrisure® GT	None	107	Corn
Agventure	AV2908Q™	Qrome®	None	108	Corn
Agventure	AV7408AM™*	Optimum® AcreMax®	None	108	Corn
Agventure	AV7408Q™	Qrome®	None	108	Corn
Agventure	AV7408YHB™*	Optimum® Intrasect®	None	108	Corn
Agventure	AV7408™*	Conventional	None	108	Corn
Agventure	AV7608AM™*	Optimum® AcreMax®	None	108	Corn
Agventure	AV7808AM™*	Optimum® AcreMax®	None	108	Corn
Agventure	AV7808Q™	Qrome®	None	108	Corn
Agventure	AV7808YHB™*	Optimum® Intrasect®	None	108	Corn
Agventure	RL7497AM™*	Optimum® AcreMax®	None	108	Corn
Agventure	AV4509AML™*	Optimum® AcreMax® Leptra®	None	109	Corn
Agventure	AV7673™	Conventional	None	109	Corn
Agventure	RL7673HBW™*	Herculex® XTRA	None	109	Corn
Agventure	RL7687AMX™*	Optimum® AcreMax® Xtra	None	109	Corn
Agventure	RL7687AM™*	Optimum® AcreMax®	None	109	Corn
Agventure	RL7687YHB™*	Optimum® Intrasect®	None	109	Corn
Agventure	7844™*	Conventional	None	110	Corn
Agventure	AV5410Q™	Qrome®	None	110	Corn
Agventure	AV7110AM™*	Optimum® AcreMax®	None	110	Corn
Agventure	AV7110Q™	Qrome®	None	110	Corn
Agventure	AV7910AMX™*	Optimum® AcreMax® Xtra	None	110	Corn
Agventure	AV7910AM™*	Optimum® AcreMax®	None	110	Corn
Agventure	AV7910YHB™*	Optimum® Intrasect®	None	110	Corn
Agventure	AV7910™*	Conventional	None	110	Corn
Agventure	R7844™*	Roundup Ready® Corn 2	None	110	Corn
Agventure	RL7844AMX™*	Optimum® AcreMax® Xtra	None	110	Corn
Agventure	RL7844AM™*	Optimum® AcreMax®	None	110	Corn
Agventure	RL7844YHBW™*	Optimum® Intrasect® Xtra	None	110	Corn
Agventure	RL7844YHB™*	Optimum® Intrasect®	None	110	Corn
Agventure	AV3411AM™*	Optimum® AcreMax®	None	111	Corn
Agventure	AV3411YHB™*	Optimum® Intrasect®	None	111	Corn
Agventure	AV4211Q™	Qrome®	None	111	Corn
Agventure	AV8211AM™*	Optimum® AcreMax®	None	111	Corn
Agventure	AV8311AMXT™	Optimum® AcreMax® XTreme	None	111	Corn
Agventure	AV8311AM™*	Optimum® AcreMax®	None	111	Corn
Agventure	AV8311YHB™*	Optimum® Intrasect®	None	111	Corn
Agventure	R8154™*	Roundup Ready® Corn 2	None	111	Corn
Agventure	RL8055HBW™*	Herculex® XTRA	None	111	Corn
Agventure	AV8212AM™*	Optimum® AcreMax®	None	112	Corn
Agventure	AV8212YHB™*	Optimum® Intrasect®	None	112	Corn
Agventure	RL8387HBAW™	Optimum® TRIsect®	None	112	Corn
Agventure	RL8387YHB™*	Optimum® Intrasect®	None	112	Corn
Agventure	8430™*	Conventional	None	113	Corn
Agventure	AV8113AMXT™	Optimum® AcreMax® XTreme	None	113	Corn
Agventure	AV8113AM™*	Optimum® AcreMax®	None	113	Corn
Agventure	AV8113Q™	Qrome®	None	113	Corn
Agventure	AV8113YHB™*	Optimum® Intrasect®	None	113	Corn
Agventure	AV8113™*	Conventional	None	113	Corn
Agventure	AV8413R™*	Roundup Ready® Corn 2	None	113	Corn
Agventure	AV8430VYHR™*	Optimum® Leptra®	None	113	Corn
Agventure	AV8513AMXT™	Optimum® AcreMax® XTreme	None	113	Corn
Agventure	AV8513AM™*	Optimum® AcreMax®	None	113	Corn
Agventure	AV8513Q™	Qrome®	None	113	Corn
Agventure	AV8513YHB™*	Optimum® Intrasect®	None	113	Corn
Agventure	RL8430AMX™*	Optimum® AcreMax® Xtra	None	113	Corn
Agventure	RL8430AM™*	Optimum® AcreMax®	None	113	Corn
Agventure	RL8430YHB™*	Optimum® Intrasect®	None	113	Corn
Agventure	RL8484AMX™*	Optimum® AcreMax® Xtra	None	113	Corn
Agventure	RL8537AM™*	Optimum® AcreMax®	None	113	Corn
Agventure	RL8537VYHR™*	Optimum® Leptra®	None	113	Corn
Agventure	AV8614AMXT™	Optimum® AcreMax® XTreme	None	114	Corn
Agventure	AV8614AM™*	Optimum® AcreMax®	None	114	Corn
Agventure	AV8614Q™	Qrome®	None	114	Corn
Agventure	AV8614R™*	Roundup Ready® Corn 2	None	114	Corn
Agventure	AV8614YHB™*	Optimum® Intrasect®	None	114	Corn
Agventure	AV8714AMXT™	Optimum® AcreMax® XTreme	None	114	Corn
Agventure	AV8714AM™*	Optimum® AcreMax®	None	114	Corn
Agventure	AV8714R™*	Roundup Ready® Corn 2	None	114	Corn
Agventure	AV8714VYHR™*	Optimum® Leptra®	None	114	Corn
Agventure	AV8714YHB™*	Optimum® Intrasect®	None	114	Corn
Agventure	AV8714™*	Conventional	None	114	Corn
Agventure	RL8767HBAW™	Optimum® TRIsect®	None	114	Corn
Agventure	RL8767HB™*	Herculex® I	None	114	Corn
Agventure	8899™*	Conventional	None	115	Corn
Agventure	AV8015AM™*	Optimum® AcreMax®	None	115	Corn
Agventure	AV8015YHB™*	Optimum® Intrasect®	None	115	Corn
Agventure	AV8815YHB™*	Optimum® Intrasect®	None	115	Corn
Agventure	AV8915AMXT™	Optimum® AcreMax® XTreme	None	115	Corn
Agventure	AV8915AM™*	Optimum® AcreMax®	None	115	Corn
Agventure	AV8915YHB™*	Optimum® Intrasect®	None	115	Corn
Agventure	AV8915™*	Conventional	None	115	Corn
Agventure	R8899™*	Roundup Ready® Corn 2	None	115	Corn
Agventure	RL8899AM™*	Optimum® AcreMax®	None	115	Corn
Agventure	RL8899YHB™*	Optimum® Intrasect®	None	115	Corn
Agventure	RL8929AM™*	Optimum® AcreMax®	None	115	Corn
Agventure	AV7516AM™*	Optimum® AcreMax®	None	116	Corn
Agventure	AV7516Q™	Qrome®	None	116	Corn
Agventure	AV7516YHB™*	Optimum® Intrasect®	None	116	Corn
Agventure	AV8216AM™*	Optimum® AcreMax®	None	116	Corn
Agventure	AV8216YHB™*	Optimum® Intrasect®	None	116	Corn
Agventure	R8950™*	Roundup Ready® Corn 2	None	116	Corn
Agventure	AV3917YHB™*	Optimum® Intrasect®	None	117	Corn
Agventure	AV9817YHB™*	Optimum® Intrasect®	None	117	Corn
Agventure	RL9256HB™*	Herculex® I	None	117	Corn
Agventure	AV9583VYHR™*	Optimum® Leptra®	None	118	Corn
Agventure	R9583™*	Roundup Ready® Corn 2	None	118	Corn
Agventure	RL9583YHB™*	Optimum® Intrasect®	None	118	Corn
Agventure	R9858™*	Roundup Ready® Corn 2	None	120	Corn
Agventure	RL9801YHB™*	Optimum® Intrasect®	None	120	Corn
Agventure	R9795™*	Roundup Ready® Corn 2	None	121	Corn
Agventure	04V8X™	RoundupReady 2 Xtend Soybean	None	0.4	Soybeans
Agventure	AV06V6E™	Enlist E3 Soybean	None	0.6	Soybeans
Agventure	07V9X™	RoundupReady 2 Xtend Soybean	None	0.7	Soybeans
Agventure	09V2X™	RoundupReady 2 Xtend Soybean	None	0.9	Soybeans
Agventure	10H7R2™	Roundup Ready 2 Yield Soybean	None	1	Soybeans
Agventure	12V4X™	RoundupReady 2 Xtend Soybean	None	1.2	Soybeans
Agventure	14V4X™	RoundupReady 2 Xtend Soybean	None	1.4	Soybeans
Agventure	17U7X™	RoundupReady 2 Xtend Soybean	None	1.7	Soybeans
Agventure	17W5R™	Glyphosate Tolerant Soybean	None	1.7	Soybeans
Agventure	AV17V3LL™	LibertyLink Soybean	None	1.7	Soybeans
Agventure	18U4R™	Glyphosate Tolerant Soybean	None	1.8	Soybeans
Agventure	18V9X™	RoundupReady 2 Xtend Soybean	None	1.8	Soybeans
Agventure	20U6R™	Glyphosate Tolerant Soybean	None	2.0	Soybeans
Agventure	20V1X™	RoundupReady 2 Xtend Soybean	None	2.0	Soybeans
Agventure	AV20V2E™	Enlist E3 Soybean	None	2.0	Soybeans
Agventure	21M7R™	Glyphosate Tolerant Soybean	None	2.1	Soybeans
Agventure	22E1RR™	Glyphosate Tolerant Soybean	None	2.2	Soybeans
Agventure	22U8X™	RoundupReady 2 Xtend Soybean	None	2.2	Soybeans
Agventure	AV22U2LL™	LibertyLink Soybean	None	2.2	Soybeans
Agventure	AV22V3E™	Enlist E3 Soybean	None	2.2	Soybeans
Agventure	23K3RR™	Glyphosate Tolerant Soybean	None	2.3	Soybeans
Agventure	23U5R™	Glyphosate Tolerant Soybean	None	2.3	Soybeans
Agventure	AV23W0™	Conventional Soybean	None	2.3	Soybeans
Agventure	AV24U6LL™	LibertyLink Soybean	None	2.4	Soybeans
Agventure	AV24V4E™	Enlist E3 Soybean	None	2.4	Soybeans
Agventure	AV24V7E™	Enlist E3 Soybean	None	2.4	Soybeans
Agventure	25U4X™	RoundupReady 2 Xtend Soybean	None	2.5	Soybeans
Agventure	25W2R™	Glyphosate Tolerant Soybean	None	2.5	Soybeans
Agventure	26V5X™	RoundupReady 2 Xtend Soybean	None	2.6	Soybeans
Agventure	26W9R™	Glyphosate Tolerant Soybean	None	2.6	Soybeans
Agventure	AV26H4LL™	LibertyLink Soybean	None	2.6	Soybeans
Agventure	AV26V8LL™	LibertyLink Soybean	None	2.6	Soybeans
Agventure	27B3RR™	Glyphosate Tolerant Soybean	None	2.7	Soybeans
Agventure	27M5R™	Glyphosate Tolerant Soybean	None	2.7	Soybeans
Agventure	27V2X™	RoundupReady 2 Xtend Soybean	None	2.7	Soybeans
Agventure	AV27V4E™	Enlist E3 Soybean	None	2.7	Soybeans
Agventure	28U7X™	RoundupReady 2 Xtend Soybean	None	2.8	Soybeans
Agventure	28W1R™	Glyphosate Tolerant Soybean	None	2.8	Soybeans
Agventure	28Z4RR™	Glyphosate Tolerant Soybean	None	2.8	Soybeans
Agventure	AV28B3LL™	LibertyLink Soybean	None	2.8	Soybeans
Agventure	AV28U0™	Conventional Soybean	None	2.8	Soybeans
Agventure	AV28U5LL™	LibertyLink Soybean	None	2.8	Soybeans
Agventure	AV28V8E™	Enlist E3 Soybean	None	2.8	Soybeans
Agventure	29U2R™	Glyphosate Tolerant Soybean	None	2.9	Soybeans
Agventure	29V6X™	RoundupReady 2 Xtend Soybean	None	2.9	Soybeans
Agventure	30W4R™	Glyphosate Tolerant Soybean	None	3	Soybeans
Agventure	AV30H0™	Conventional Soybean	None	3	Soybeans
Agventure	AV30V7E™	Enlist E3 Soybean	None	3.0	Soybeans
Agventure	AV30V8LL™	LibertyLink Soybean	None	3.0	Soybeans
Agventure	31V3X™	RoundupReady 2 Xtend Soybean	None	3.1	Soybeans
Agventure	AV31V1E™	Enlist E3 Soybean	None	3.1	Soybeans
Agventure	AV31V7E™	Enlist E3 Soybean	None	3.1	Soybeans
Agventure	AV31Z8LL™	LibertyLink Soybean	None	3.1	Soybeans
Agventure	32U2R™	Glyphosate Tolerant Soybean	None	3.2	Soybeans
Agventure	32Z7RR™	Glyphosate Tolerant Soybean	None	3.2	Soybeans
Agventure	AV32U9LL™	LibertyLink Soybean	None	3.2	Soybeans
Agventure	AV32V1E™	Enlist E3 Soybean	None	3.2	Soybeans
Agventure	AV32V5E™	Enlist E3 Soybean	None	3.2	Soybeans
Agventure	33U4X™	RoundupReady 2 Xtend Soybean	None	3.3	Soybeans
Agventure	33Z3R™	Glyphosate Tolerant Soybean	None	3.3	Soybeans
Agventure	AV33V7LL™	LibertyLink Soybean	None	3.3	Soybeans
Agventure	34U5R™	Glyphosate Tolerant Soybean	None	3.4	Soybeans
Agventure	34V9X™	RoundupReady 2 Xtend Soybean	None	3.4	Soybeans
Agventure	AV34V4E™	Enlist E3 Soybean	None	3.4	Soybeans
Agventure	AV34V6LL™	LibertyLink Soybean	None	3.4	Soybeans
Agventure	AV34W0STS™	Conventional STS Tolerant Soybean	None	3.4	Soybeans
Agventure	35M7R™	Glyphosate Tolerant Soybean	None	3.5	Soybeans
Agventure	35W3R™	Glyphosate Tolerant Soybean	None	3.5	Soybeans
Agventure	AV35H8LL™	LibertyLink Soybean	None	3.5	Soybeans
Agventure	AV35V6E™	Enlist E3 Soybean	None	3.5	Soybeans
Agventure	AV35V7E™	Enlist E3 Soybean	None	3.5	Soybeans
Agventure	36M4X™	RoundupReady 2 Xtend Soybean	None	3.6	Soybeans
Agventure	36U6R™	Glyphosate Tolerant Soybean	None	3.6	Soybeans
Agventure	AV36V3E™	Enlist E3 Soybean	None	3.6	Soybeans
Agventure	37U1BR™	Glyphosate Tolerant / Bolt Soybean	None	3.7	Soybeans
Agventure	37Z3RR™	Glyphosate Tolerant Soybean	None	3.7	Soybeans
Agventure	AV37V0™	Conventional Soybean	None	3.7	Soybeans
Agventure	AV37V4LL™	LibertyLink Soybean	None	3.7	Soybeans
Agventure	38H4R™	Glyphosate Tolerant Soybean	None	3.8	Soybeans
Agventure	38U7X™	RoundupReady 2 Xtend Soybean	None	3.8	Soybeans
Agventure	38W5X™	RoundupReady 2 Xtend Soybean	None	3.8	Soybeans
Agventure	AV38E8LL™	LibertyLink Soybean	None	3.8	Soybeans
Agventure	39U9X™	RoundupReady 2 Xtend Soybean	None	3.9	Soybeans
Agventure	39W8X™	RoundupReady 2 Xtend Soybean	None	3.9	Soybeans
Agventure	AV39E0™	Conventional Soybean	None	3.9	Soybeans
Agventure	AV39V4E™	Enlist E3 Soybean	None	3.9	Soybeans
Agventure	AV39V5LL™	LibertyLink Soybean	None	3.9	Soybeans
Agventure	40W6R™	Glyphosate Tolerant Soybean	None	4	Soybeans
Agventure	AV40U8LL™	LibertyLink Soybean	None	4.0	Soybeans
Agventure	AV40V1E™	Enlist E3 Soybean	None	4.0	Soybeans
Agventure	AV40V7E™	Enlist E3 Soybean	None	4.0	Soybeans
Agventure	41B1RR™	Glyphosate Tolerant Soybean	None	4.1	Soybeans
Agventure	41V4X™	RoundupReady 2 Xtend Soybean	None	4.1	Soybeans
Agventure	41W7X™	RoundupReady 2 Xtend Soybean	None	4.1	Soybeans
Agventure	AV41B5LL™	LibertyLink Soybean	None	4.1	Soybeans
Agventure	AV41H1LL™	LibertyLink Soybean	None	4.1	Soybeans
Agventure	42V8X™	RoundupReady 2 Xtend Soybean	None	4.2	Soybeans
Agventure	AV42V2E™	Enlist E3 Soybean	None	4.2	Soybeans
Agventure	43U2X™	RoundupReady 2 Xtend Soybean	None	4.3	Soybeans
Agventure	43W1R™	Glyphosate Tolerant Soybean	None	4.3	Soybeans
Agventure	AV43M4LL™	LibertyLink Soybean	None	4.3	Soybeans
Agventure	AV43U6LL™	LibertyLink Soybean	None	4.3	Soybeans
Agventure	AV43V8LL™	LibertyLink Soybean	None	4.3	Soybeans
Agventure	44U9BR™	Glyphosate Tolerant / Bolt Soybean	None	4.4	Soybeans
Agventure	44Z8RRSTS™	Glyphosate Tolerant Soybean	None	4.4	Soybeans
Agventure	AV44U4LL™	LibertyLink Soybean	None	4.4	Soybeans
Agventure	45U1X™	RoundupReady 2 Xtend Soybean	None	4.5	Soybeans
Agventure	45W7R™	Glyphosate Tolerant Soybean	None	4.5	Soybeans
Agventure	AV45V8E™	Enlist E3 Soybean	None	4.5	Soybeans
Agventure	46V6X™	RoundupReady 2 Xtend Soybean	None	4.6	Soybeans
Agventure	AV46M8LL™	LibertyLink Soybean	None	4.6	Soybeans
Agventure	AV46V9LL™	LibertyLink Soybean	None	4.6	Soybeans
Agventure	47E1RR™	Glyphosate Tolerant Soybean	None	4.7	Soybeans
Agventure	47M7R™	Glyphosate Tolerant Soybean	None	4.7	Soybeans
Agventure	47U8R™	Glyphosate Tolerant Soybean	None	4.8	Soybeans
Agventure	47W2X™	RoundupReady 2 Xtend Soybean	None	4.7	Soybeans
Agventure	AV47V4LL™	LibertyLink Soybean	None	4.7	Soybeans
Agventure	AV47W3LL™	LibertyLink Soybean	None	4.7	Soybeans
Agventure	48E3RR™	Glyphosate Tolerant Soybean	None	4.8	Soybeans
Agventure	48E5R2STS™	Roundup Ready 2 Yield Soybean	None	4.8	Soybeans
Agventure	48V1X™	RoundupReady 2 Xtend Soybean	None	4.8	Soybeans
Agventure	AV48V2E™	Enlist E3 Soybean	None	4.8	Soybeans
Agventure	AV48V8LL™	LibertyLink Soybean	None	4.8	Soybeans
Agventure	49H4R™	Glyphosate Tolerant Soybean	None	4.9	Soybeans
Agventure	49W3X™	RoundupReady 2 Xtend Soybean	None	4.9	Soybeans
Agventure	AV49V9E™	Enlist E3 Soybean	None	4.9	Soybeans
Agventure	AV49W5LL™	LibertyLink Soybean	None	4.9	Soybeans
Agventure	50U5R™	Glyphosate Tolerant Soybean	None	5.0	Soybeans
Agventure	50V3X™	RoundupReady 2 Xtend Soybean	None	5.0	Soybeans
Agventure	51U6XSTS™	RoundupReady 2 Xtend Soybean	None	5.1	Soybeans
Agventure	AV51V7E™	Enlist E3 Soybean	None	5.1	Soybeans
Agventure	AV51W1LL™	LibertyLink Soybean	None	5.1	Soybeans
Agventure	52M7RSTS™	Glyphosate Tolerant Soybean	None	5.2	Soybeans
Agventure	52U9BR™	Glyphosate Tolerant / Bolt Soybean	None	5.2	Soybeans
Agventure	AV53W8LL™	LibertyLink Soybean	None	5.3	Soybeans
Agventure	54K4RR™	Glyphosate Tolerant Soybean	None	5.4	Soybeans
Agventure	54U7X™	RoundupReady 2 Xtend Soybean	None	5.4	Soybeans
Agventure	56W6R™	Glyphosate Tolerant Soybean	None	5.6	Soybeans
Agventure	57V5X™	RoundupReady 2 Xtend Soybean	None	5.7	Soybeans
Agventure	58M8R™	Glyphosate Tolerant Soybean	None	5.8	Soybeans
Agventure	62V2X™	RoundupReady 2 Xtend Soybean	None	6.2	Soybeans
Agventure	67W7X™	RoundupReady 2 Xtend Soybean	None	6.7	Soybeans
Agventure	70V7X™	RoundupReady 2 Xtend Soybean	None	7.0	Soybeans
Agventure	72W7X™	RoundupReady 2 Xtend Soybean	None	7.2	Soybeans
